{"cameraMode":{"drawMode":0,"name":"Shaded","section":"Shading Mode"},"sceneLighting":true,"audioPlay":false,"sceneViewState":{"m_AlwaysRefresh":false,"showFog":true,"showSkybox":true,"showFlares":true,"showImageEffects":true,"showParticleSystems":true,"showVisualEffectGraphs":true,"m_FxEnabled":true},"in2DMode":false,"pivot":{"x":-11.638858795166016,"y":2.4628262519836427,"z":4.523976802825928},"rotation":{"x":-0.21294324100017548,"y":0.044535595923662189,"z":-0.009712628088891507,"w":-0.9760186076164246},"size":30.05781364440918,"orthographic":false}