{"cameraMode":{"drawMode":0,"name":"Shaded","section":"Shading Mode"},"sceneLighting":true,"audioPlay":false,"sceneViewState":{"m_AlwaysRefresh":false,"showFog":true,"showSkybox":true,"showFlares":true,"showImageEffects":true,"showParticleSystems":true,"showVisualEffectGraphs":true,"m_FxEnabled":true},"in2DMode":false,"pivot":{"x":5.653403282165527,"y":1.8452332019805909,"z":0.34222665429115298},"rotation":{"x":-0.03269675374031067,"y":-0.4184238314628601,"z":0.015047300606966019,"w":-0.9075798988342285},"size":4.572606563568115,"orthographic":true}