{"cameraMode":{"drawMode":0,"name":"Shaded","section":"Shading Mode"},"sceneLighting":true,"audioPlay":false,"sceneViewState":{"m_AlwaysRefresh":false,"showFog":true,"showSkybox":true,"showFlares":true,"showImageEffects":true,"showParticleSystems":true,"showVisualEffectGraphs":true,"m_FxEnabled":true},"in2DMode":false,"pivot":{"x":3.0492353439331056,"y":0.43889883160591128,"z":-2.0213513374328615},"rotation":{"x":0.22214645147323609,"y":0.6598115563392639,"z":-0.21390509605407716,"w":0.6852337121963501},"size":9.462175369262696,"orthographic":true}