{"cameraMode":{"drawMode":0,"name":"Shaded","section":"Shading Mode"},"sceneLighting":true,"audioPlay":false,"sceneViewState":{"m_AlwaysRefresh":false,"showFog":true,"showSkybox":true,"showFlares":true,"showImageEffects":true,"showParticleSystems":true,"showVisualEffectGraphs":true,"m_FxEnabled":true},"in2DMode":false,"pivot":{"x":3.0492353439331056,"y":0.43889883160591128,"z":-2.0213513374328615},"rotation":{"x":0.20203278958797456,"y":0.5905300974845886,"z":-0.15582986176013947,"w":0.765620768070221},"size":9.577178001403809,"orthographic":true}