{"cameraMode":{"drawMode":0,"name":"Shaded","section":"Shading Mode"},"sceneLighting":false,"audioPlay":false,"sceneViewState":{"m_AlwaysRefresh":false,"showFog":true,"showSkybox":false,"showFlares":true,"showImageEffects":true,"showParticleSystems":true,"showVisualEffectGraphs":true,"m_FxEnabled":true},"in2DMode":false,"pivot":{"x":-13.309988021850586,"y":-2.617868185043335,"z":-0.03573023900389671},"rotation":{"x":-0.03269675374031067,"y":-0.4184238314628601,"z":0.015047300606966019,"w":-0.9075798988342285},"size":0.001747206668369472,"orthographic":true}